Density_15C_kg_per_m3,Kilograms_per_CubicMeter,Cubic_Meters_per_Tonne
654,652.9,1.5317
655,653.9,1.5293
656,654.9,1.527
657,655.9,1.5247
658,656.9,1.5224
659,657.9,1.52
660,658.9,1.5177
661,659.9,1.5154
662,660.9,1.5131
663,661.9,1.5108
664,662.9,1.5086
665,663.9,1.5063
666,664.9,1.504
667,665.9,1.5018
668,666.9,1.4995
669,667.9,1.4973
670,668.9,1.495
671,669.9,1.4928
672,670.9,1.4906
673,671.9,1.4884
674,672.9,1.4861
675,673.9,1.4839
676,674.9,1.4817
677,675.9,1.4795
678,676.9,1.4774
679,677.9,1.4752
680,678.9,1.473
681,679.9,1.4708
682,680.9,1.4687
683,681.9,1.4665
684,682.9,1.4644
685,683.9,1.4622
686,684.9,1.4601
687,685.9,1.458
688,686.9,1.4559
689,687.9,1.4537
690,688.9,1.4516
691,689.9,1.4495
692,690.9,1.4474
693,691.9,1.4453
694,692.9,1.4432
695,693.9,1.4412
696,694.9,1.4391
697,695.9,1.437
698,696.9,1.435
699,697.9,1.4329
700,698.9,1.4309
701,699.9,1.4288
702,700.9,1.4268
703,701.9,1.4247
704,702.9,1.4227
705,703.9,1.4207
706,704.9,1.4187
707,705.9,1.4167
708,706.9,1.4147
709,707.9,1.4127
710,708.9,1.4107
711,709.9,1.4087
712,710.9,1.4067
713,711.9,1.4047
714,712.9,1.4027
715,713.9,1.4008
716,714.9,1.3988
717,715.9,1.3969
718,716.9,1.3949
719,717.9,1.393
720,718.9,1.391
721,719.9,1.3891
722,720.9,1.3872
723,721.9,1.3853
724,722.9,1.3833
725,723.9,1.3814
726,724.9,1.3795
727,725.9,1.3776
728,726.9,1.3757
729,727.9,1.3738
730,728.9,1.3719
731,729.9,1.3701
732,730.9,1.3682
733,731.9,1.3663
734,732.9,1.3645
735,733.9,1.3626
736,734.9,1.3607
737,735.9,1.3589
738,736.9,1.3571
739,737.9,1.3552
740,738.9,1.3534
741,739.9,1.3515
742,740.9,1.3497
743,741.9,1.3479
744,742.9,1.3461
745,743.9,1.3443
746,744.9,1.3425
747,745.9,1.3407
748,746.9,1.3389
749,747.9,1.3371
750,748.9,1.3353
751,749.9,1.3335
752,750.9,1.3317
753,751.9,1.33
754,752.9,1.3282
755,753.9,1.3264
756,754.9,1.3247
757,755.9,1.3229
758,756.9,1.3212
759,757.9,1.3194
760,758.9,1.3177
761,759.9,1.316
762,760.9,1.3142
763,761.9,1.3125
764,762.9,1.3108
765,763.9,1.3091
766,764.9,1.3074
767,765.9,1.3057
768,766.9,1.304
769,767.9,1.3023
770,768.9,1.3006
771,769.9,1.2989
772,770.9,1.2972
773,771.9,1.2955
774,772.9,1.2938
775,773.9,1.2922
776,774.9,1.2905
777,775.9,1.2888
778,776.9,1.2872
779,777.9,1.2855
780,778.9,1.2839
781,779.9,1.2822
782,780.9,1.2806
783,781.9,1.2789
784,782.9,1.2773
785,783.9,1.2757
786,784.9,1.2741
787,785.9,1.2724
788,786.9,1.2708
789,787.9,1.2692
790,788.9,1.2676
791,789.9,1.266
792,790.9,1.2644
793,791.9,1.2628
794,792.9,1.2612
795,793.9,1.2596
796,794.9,1.258
797,795.9,1.2564
798,796.9,1.2549
799,797.9,1.2533
800,798.9,1.2517
801,799.9,1.2502
802,800.9,1.2486
803,801.9,1.247
804,802.9,1.2455
805,803.9,1.2439
806,804.9,1.2424
807,805.9,1.2408
808,806.9,1.2393
809,807.9,1.2378
810,808.9,1.2362
811,809.9,1.2347
812,810.9,1.2332
813,811.9,1.2317
814,812.9,1.2302
815,813.9,1.2286
816,814.9,1.2271
817,815.9,1.2256
818,816.9,1.2241
819,817.9,1.2226
820,818.9,1.2211
821,819.9,1.2197
822,820.9,1.2182
823,821.9,1.2167
824,822.9,1.2152
825,823.9,1.2137
826,824.9,1.2123
827,825.9,1.2108
828,826.9,1.2093
829,827.9,1.2079
830,828.9,1.2064
831,829.9,1.205
832,830.9,1.2035
833,831.9,1.2021
834,832.9,1.2006
835,833.9,1.1992
836,834.9,1.1977
837,835.9,1.1963
838,836.9,1.1949
839,837.9,1.1935
840,838.9,1.192
841,839.9,1.1906
842,840.9,1.1892
843,841.9,1.1878
844,842.9,1.1864
845,843.9,1.185
846,844.9,1.1836
847,845.9,1.1822
848,846.9,1.1808
849,847.9,1.1794
850,848.9,1.178
851,849.9,1.1766
852,850.9,1.1752
853,851.9,1.1738
854,852.9,1.1725
855,853.9,1.1711
856,854.9,1.1697
857,855.9,1.1683
858,856.9,1.167
859,857.9,1.1656
860,858.9,1.1643
861,859.9,1.1629
862,860.9,1.1616
863,861.9,1.1602
864,862.9,1.1589
865,863.9,1.1575
866,864.9,1.1562
867,865.9,1.1549
868,866.9,1.1535
869,867.9,1.1522
870,868.9,1.1509
871,869.9,1.1495
872,870.9,1.1482
873,871.9,1.1469
874,872.9,1.1456
875,873.9,1.1443
876,874.9,1.143
877,875.9,1.1417
878,876.9,1.1404
879,877.9,1.1391
880,878.9,1.1378
881,879.9,1.1365
882,880.9,1.1352
883,881.9,1.1339
884,882.9,1.1326
885,883.9,1.1313
886,884.9,1.1301
887,885.9,1.1288
888,886.9,1.1275
889,887.9,1.1262
890,888.9,1.125
891,889.9,1.1237
892,890.9,1.1224
893,891.9,1.1212
894,892.9,1.1199
895,893.9,1.1187
896,894.9,1.1174
897,895.9,1.1162
898,896.9,1.1149
899,897.9,1.1137
900,898.9,1.1125
901,899.9,1.1112
902,900.9,1.11
903,901.9,1.1088
904,902.9,1.1075
905,903.9,1.1063
906,904.9,1.1051
907,905.9,1.1039
908,906.9,1.1026
909,907.9,1.1014
910,908.9,1.1002
911,909.9,1.099
912,910.9,1.0978
913,911.9,1.0966
914,912.9,1.0954
915,913.9,1.0942
916,914.9,1.093
917,915.9,1.0918
918,916.9,1.0906
919,917.9,1.0894
920,918.9,1.0882
921,919.9,1.0871
922,920.9,1.0859
923,921.9,1.0847
924,922.9,1.0835
925,923.9,1.0823
926,924.9,1.0812
927,925.9,1.08
928,926.9,1.0788
929,927.9,1.0777
930,928.9,1.0765
931,929.9,1.0754
932,930.9,1.0742
933,931.9,1.0731
934,932.9,1.0719
935,933.9,1.0708
936,934.9,1.0696
937,935.9,1.0685
938,936.9,1.0673
939,937.9,1.0662
940,938.9,1.0651
941,939.9,1.0639
942,940.9,1.0628
943,941.9,1.0617
944,942.9,1.0605
945,943.9,1.0594
946,944.9,1.0583
947,945.9,1.0572
948,946.9,1.0561
949,947.9,1.0549
950,948.9,1.0538
951,949.9,1.0527
952,950.9,1.0516
953,951.9,1.0505
954,952.9,1.0494
955,953.9,1.0483
956,954.9,1.0472
957,955.9,1.0461
958,956.9,1.045
959,957.9,1.0439
960,958.9,1.0428
961,959.9,1.0417
962,960.9,1.0407
963,961.9,1.0396
964,962.9,1.0385
965,963.9,1.0374
966,964.9,1.0363
967,965.9,1.0353
968,966.9,1.0342
969,967.9,1.0331
970,968.9,1.0321
971,969.9,1.031
972,970.9,1.0299
973,971.9,1.0289
974,972.9,1.0278
975,973.9,1.0268
976,974.9,1.0257
977,975.9,1.0247
978,976.9,1.0236
979,977.9,1.0226
980,978.9,1.0215
981,979.9,1.0205
982,980.9,1.0194
983,981.9,1.0184
984,982.9,1.0174
985,983.9,1.0163
986,984.9,1.0153
987,985.9,1.0143
988,986.9,1.0132
989,987.9,1.0122
990,988.9,1.0112
991,989.9,1.0102
992,990.9,1.0092
993,991.9,1.0081
994,992.9,1.0071
995,993.9,1.0061
996,994.9,1.0051
997,995.9,1.0041
998,996.9,1.0031
999,997.9,1.0021
1000,998.9,1.0011
1001,999.9,1.0001
1002,1000.9,0.9991
1003,1001.9,0.9981
1004,1002.9,0.9971
1005,1003.9,0.9961
1006,1004.9,0.9951
1007,1005.9,0.9941
1008,1006.9,0.9931
1009,1007.9,0.9921
1010,1008.9,0.9911
1011,1009.9,0.9902
1012,1010.9,0.9892
1013,1011.9,0.9882
1014,1012.9,0.9872
1015,1013.9,0.9863
1016,1014.9,0.9853
1017,1015.9,0.9843
1018,1016.9,0.9833
1019,1017.9,0.9824
1020,1018.9,0.9814
1021,1019.9,0.9805
1022,1020.9,0.9795
1023,1021.9,0.9785
1024,1022.9,0.9776
1025,1023.9,0.9766
1026,1024.9,0.9757
1027,1025.9,0.9747
1028,1026.9,0.9738
1029,1027.9,0.9728
1030,1028.9,0.9719
1031,1029.9,0.9709
1032,1030.9,0.97
1033,1031.9,0.9691
1034,1032.9,0.9681
1035,1033.9,0.9672
1036,1034.9,0.9662
1037,1035.9,0.9653
1038,1036.9,0.9644
1039,1037.9,0.9635
1040,1038.9,0.9625
1041,1039.9,0.9616
1042,1040.9,0.9607
1043,1041.9,0.9598
1044,1042.9,0.9588
1045,1043.9,0.9579
1046,1044.9,0.957
1047,1045.9,0.9561
1048,1046.9,0.9552
1049,1047.9,0.9543
1050,1048.9,0.9533
1051,1049.9,0.9524
1052,1050.9,0.9515
1053,1051.9,0.9506
1054,1052.9,0.9497
1055,1053.9,0.9488
1056,1054.9,0.9479
1057,1055.9,0.947
1058,1056.9,0.9461
1059,1057.9,0.9452
1060,1058.9,0.9443
1061,1059.9,0.9434
1062,1060.9,0.9426
1063,1061.9,0.9417
1064,1062.9,0.9408
1065,1063.9,0.9399
1066,1064.9,0.939
1067,1065.9,0.9381
1068,1066.9,0.9373
1069,1067.9,0.9364
1070,1068.9,0.9355
1071,1069.9,0.9346
1072,1070.9,0.9338
1073,1071.9,0.9329
1074,1072.9,0.932
1075,1073.9,0.9311
